,title,selftext,subreddit
0,Care about Indian Creek? Public comment period for Bears Ears management plan open now through 15 Nov,"This includes management of desert splitter paradise, [Indian Creek](https://www.mountainproject.com/area/105716763/indian-creek).  BLM docs and comment process are [here](https://eplanning.blm.gov/epl-front-office/eplanning/planAndProjectSite.do?methodName=dispatchToPatternPage&amp;currentPageId=140965).

There's also one for Escalante [here](https://eplanning.blm.gov/epl-front-office/eplanning/planAndProjectSite.do?methodName=dispatchToPatternPage&amp;currentPageId=141293).",climbing
1,"Friday New Climber Thread for August 24, 2018: Ask your questions in this thread please","Please sort comments by 'new' to find questions that would otherwise be buried.

In this thread you can ask any climbing related question that you may have. Dont be discouraged to ask here on the weekend just because it's called ""friday"" new climber thread. This thread usually sees traffic until at least monday, there's a good chance your question will be answered.

Two examples of potential questions could be; ""How do I get stronger?"", or ""How to select my first harness?""

If you see a new climber related question posted in another subeddit or in this subreddit, then please politely link them to this thread.

**New** [Check out this curated list of climbing tutorials!](https://www.reddit.com/r/climbing/comments/6iuccx/rclimbing_lets_curate_a_list_of_climbing_tutorials/)

Ask away!
",climbing
2,Met this guy at my local climbing gym,,climbing
3,Belaying my friend up my favourite climb Holey Shit (5.9),,climbing
4,Been getting into climbing again and bought my first set of decent shoes! Figured this was the place to share my excitement.,,climbing
5,"Tiny person advantages. Awesome rest on ""Little Stiffy"" at New Jack City.",,climbing
6,"Ryan Ice Climbing - 11"" x 14"" watercolor and pen",,climbing
7,The one workout every climber should do,,climbing
8,"When u get rekt by the REI sale, $200 well spent",,climbing
9,What are some interesting/weird routes that I might not know about?,"We see tons of posts about [Namaste](https://www.mountainproject.com/route/105717892/namaste) and [Edge of Time](https://www.mountainproject.com/route/105756826/edge-of-time), but what are some other interesting routes that aren't as popular?",climbing
10,"Moving to Chicago, need suggestions for good bouldering and toprope gyms!",&amp;#x200B;,climbing
11,A team of scientists scale Mount Lico to study untouched rainforest,,climbing
12,BD Athlete Adam Ondra: The Road to Tokyo,,climbing
13,Where to find good climbing films,"What are some other sites, apps or channels on YouTube that have full length or short film climbing/mountaineering films? I‚Äôve seen just about everything on red bull tv and some on YouTube but there‚Äôs got to be more gems out there. Ex: Meru and such. Also I‚Äôm a Far East flatlander and can never attend film festivals so do they ever post them for purchase anywhere? ",climbing
14,"Summit of the Matterhorn, from a few weeks back, what an incredible mountain. (Long time lurker, first time poster)",,climbing
15,Went bouldering outside for the first time tonight! The reward for topping out was a view of the milky way across the central California coast,,climbing
16,I'm looking for a Wooden Hangboard any suggestions?,&amp;#x200B;,climbing
17,Does a pulley tear feel different than a strain?,"I've had a few pulley injuries but nothing crazy, the worst recovered in about 2-3 months. Does a tear feel different than a strain or can you only tell by how long it takes to heal?",climbing
18,Anyone want to go climbing in Brussels?,I''m here for work for the next couple of weeks. I've been climbing at Terres Neuves and New Rock so far. Probably going to keep going back to New Rock. I'd be great to have a climbing partner!,climbing
19,Ondra Canmore video update from Black Diamond! (video link: https://www.youtube.com/watch?v=LwTtPWxTRyI),,climbing
20,Lost jacket Middle Teton,"Found a black rain jacket in Garnet Cannon today. Let me know if it's yours, or you know who lost it.",climbing
21,"First artwork in my new apartment! Training plans from the past year, photos of where I‚Äôve been, and a couple lists of where I hope to go next!",,climbing
22,Some seriously classic climbing videos (form '50s and '60s). Pure gold.,,climbing
23,How bad of an idea would climbing a dynamited wall on the side of a highway be ?,"I have been passing in front of a few of these ""highway walls"" and was wondering if climbing a dynamited face would be any more dangerous than natural one.  Also, how illegal is it?

[https://imgur.com/spEUfbF](https://imgur.com/spEUfbF)",climbing
24,You're Never Too Old: 59 Year Old Guy Ice Climbing.,,climbing
25,Anyone in Albuquerque?,"Hey guys, I‚Äôm headed to Albuquerque for a bit 1st-5th to visit some family and would love to climb for a day out there! If anyone would be willing to go out with me I‚Äôd be more than willing to buy us some beer. I‚Äôm easy going and am super stoked to be in a different part of the country. I am a mid 5.11 Red climber and boulder indoors around the V6 grade. I‚Äôm game for just about anything sport or bouldering wise. ",climbing
26,Anyone have a good weight lifting routine for climbers?,"Looking for a solid workout plan to build a little muscle and help clean more routes. Please share your personal plan, or any good online plans.",climbing
27,New to the sub? New to yoga? Start here.,"Version 2018! Copypasta continues. 

If you are new to the sub or new to yoga, WELCOME! There is an immense amount of information available in this sub, and an excellent community of people. 

If you have a question, PLEASE check out the [FAQ](https://www.reddit.com/r/yoga/wiki/faq) and try search before creating a new post. As noted in rule 2, commonly asked questions are removed and directed to the above. 

**The updated version of the 'usual' sticky thread:**

This post is intended as a repository of pertinent info, including updates for new and ongoing issues. For the sake of visibility, we'll try to include links as pertinent.

**Reminders:**

* It's in the sidebar, it's in the rules, it's in the note when you create a new post. *PLEASE utilize search and the FAQ before creating a new post.* Especially around the first of the year, it's not unusual to see 3 versions of the same post in a day, asking questions that are well covered in the sub. If your post is removed because the answers are available there the mod team is not scolding you, we're just letting you know why it was done and reminding you that the answers you seek already exist. And yes, the mod team finds themselves busy doing just that this time of year. 

* /r/yoga is not the place for medical advice. This is always a handy reminder.
* **Addendum to the above** - Yoga philosophy and western medicine are different. There is room for both in this sub. This means that things like subtle bodies and energy (prana) movement and chakras *all have a place here* as well as discussion from a western perspective. There is no demand that anyone agrees with what is presented, but rule 1 applies in these cases- be respectful. 

* Yes, we have a [wiki](https://www.reddit.com/r/yoga/wiki/index) and [FAQ](https://www.reddit.com/r/yoga/wiki/faq) . (And they're awesome.)
The FAQ and search are the best places to start if you're new to yoga or have questions about styles, equipment, injuries, or resources. Plans in the works include a section for teachers, expansion of the section regarding yoga and other activities, and potentially an additional section for the questions that are common that to add to the FAQ would continue to grow an already large document. More FAQ updates will be coming, but in the meantime, we have continued to leave up questions that haven't been in awhile to keep more up-to-date information available when it exists.

* Yes, they're even available via app and mobile. Yes, really. (The sidebar, too!) It can take a little looking, but we haven't yet found an app without access to the sidebar.

* Reddit's guidelines are still the foundation of how we approach spam in /r/yoga, and bans will continue to be a thing as needed. Need the details? Reddit's guidelines are [here](https://www.reddit.com/wiki/selfpromotion).

* This sub is not for market research. It's a community. Requests for the sub to tell you what we love or hate about our yoga mats and t-shirts will be removed, as will asking us to fill out surveys for that or your thesis research. Those are not the only such examples. When in doubt, feel free to message the mods ahead of time. Established community members can message mods ahead of time for permission on a case-by-case basis. 


**Other notes:**

* The automoderator is in use and working relatively well in terms of catching spam, and the mod team continues to monitor what is being automatically removed. Sometimes we catch them in the first 5 minutes, but sometimes it's a few hours between mod sweeps. If you've posted something that isn't showing up, you're welcome to message the mods (keeping in mind that it's possible it will be a bit before a mod sees it- please be patient!) and ask about it- including a link is much appreciated.

* Your mod team is human (you totally thought we were unicorns and rainbow-chasing leprechauns, but aside from cosplay and Halloween, not so much). Part of modding is making judgement calls, and sometimes we remove things that we can't be sure there isn't a bot behind that turns out to be totally legit because another real, in-the-flesh reddit user actually did post. :) Much like the point above, feel free to ask.

* The discussions on the Sutras have been collected on a wiki page [here](https://www.reddit.com/r/yoga/wiki/sutras). Feel free to continue contributing to those threads as well as the current one. 

* As with the last update, COMP remains as-is. The mod team is done rehashing this topic, which will likely result in the posts questioning COMP that inevitably happen every time someone new finds them questionable being removed and referred to [search](https://www.reddit.com/r/yoga/search?q=COMP+self%3Ayes&amp;restrict_sr=on&amp;count=25&amp;after=t3_39saiq), until/unless the overall focus in the sub shifts substantially. For those unaware and interested, /u/BeyondMars posted [the following](https://www.reddit.com/r/yoga/comments/48aaq2/should_an_individual_moderator_make_decisions/d0i424h) last time it came up to get everyone up to speed- here's the section on rule 4, to which I added the link:

&gt;&gt;&gt;   Search the history of this sub for discussions on [COMP] poses. [Probably two years ago now?](https://www.reddit.com/r/yoga/comments/1i9x4s/mod_post_state_of_the_subreddit_reminders_selfies/) There is a VERY LARGE part of this sub that doesnt wan't them to have a place here at all. The gist of it is that people come to reddit and dont want it to be like another yoga instagram, or something, I dont know. But there were portions of time in this sub when our ENTIRE front page was yoga pics. COMP was an effort to a compromise that would allow people to filter them out if they didnt want them there... In regards to the self-doxxing aspect. Sexual harassment, and online bullying have originated in this sub at least four times that I was made aware of. This rule was instituted to keep everyone safe. I don't care if YOU want your instagram accounts on the sub (self promotion?) but we are keeping people safer with this rule and the way we enforce it. Its going to stay. Take the extra 2 minutes and upload it to imgur.

28 June addition: 

It seemed obvious to the mod team when it was discussed a week or so ago, but for the sake of clarity, it's being noted here as well and will continue to be enforced, *especially* on COMP posts:

**Sexual/sexualized/objectifying comments are not welcome here. Removals are guaranteed, and warning vs. ban will be handled on a case-by-case basis.** 

Just don't. It all falls under rule 1. 

4 Jan update: 

[Here's a link to several 30-day challenges from January 2018](https://www.reddit.com/r/yoga/comments/7nngne/currently_running_30_day_challenges/)
",yoga
28,Sutra discussion-III.24 bale·π£u hasti-balƒÅdƒ´ni,"[By practicing sa·πÅyama] on strengths, [the yogƒ´] attains the strength of an elephant, etc. (Edwin Bryant translation)

In short by intensely meditating on something, you attain its powers. This is why there are specific mantras for Ganesh, who is related to removing obstacles, Laxmi who is related to wealth, Narasimha who is related to protection, Shiva who who is related to health, and Hanuman who is related to happiness. There are countless others.

Discussion question: have you meditated on something and attained its qualities?",yoga
29,Found this guy at Michael's!,,yoga
30,"After decades as a cop, he became a yoga teacher",,yoga
31,Postnatal yoga advice?,"Hello! I‚Äôm cleared from my doctor and would like to slowly get back into my yoga routine. I‚Äôve been doing simple salutations most days but need a longer flow sequence now. I would like to use online resources since leaving the house with my little guy is nearly impossible right now.

What is the best way to ease back in? I started slacking off around third trimester and am 2 months post partum now, so it‚Äôs been almost 5 months since I‚Äôve really been practicing.

I‚Äôve done yoga with Adriene and fightmaster yoga in the past. I feel like fightmaster is too fast and hard right now but ywa doesn‚Äôt quite do it for me. I dislike her chatter and really just need someone to help lead a guided flow.

I‚Äôve tried some free flow but I think since I‚Äôm so out of practice right now I need a little guidance, plus I always resort to the same few poses and like the suggestions of things I don‚Äôt think to go to.

I guess I‚Äôm looking for suggestions for online classes/instructors and also any advice to get back into practice. I find it hard to get a long flow in (I‚Äôm usually interrupted within 20 minutes) so that has been frustrating. I keep telling myself any yoga is good. 

I‚Äôm really struggling with my body post partum. I feel so weak and everything is so tight. I would like to gain some strength and flexibility back so I can begin to feel more like myself again.",yoga
32,Found my way back to yoga last night,"Hey everyone, just wanted to share some thoughts I had last night.  

I started practicing yoga in March of this year by following YWA's videos on YouTube. I started with her Revolution series and then went into True. Loved both of those! My shoulder hurt a little bit one day, so I decided to ease up on practicing every day. Well, I quickly fell out of practicing at all. The shoulder pain went away after a day or two but I just couldn't get back into it. At the same time, I was also going through a rough patch in my life. I knew yoga would help because I had been feeling so good while doing it but I was just feeling discouraged about a lot of things in life. Even though the shoulder pain went away I felt like what's the point of getting back into it if I'm just going to have to stop again if my shoulder starts hurting?  

I got into yoga in the first place because of lower back pain from sitting at a desk all day and this pain has returned since I stopped practicing yoga. So two nights ago I decided to start being more consistent (I had started Yoga Camp but hadn't gotten far). Last night I did Day 8 and it was exactly what I needed. The whole sequence was on the floor and a lot on the back (plus she said to grab a pillow, I love when yoga involves a pillow!) I loved it so much I found another random yoga for back video and followed that one too for a full hour of relaxing, peaceful, back healing yoga. It was the first time in a while I didn't care how long the video would be or how much time I'd have left before I had to go to sleep. I was just focused on helping my back to feel better.  

I think I'm going to focus on mostly restorative and gentle yoga for now, since that's what my body seems to like most. I'm only in my late 20s so it's kind of depressing to me to think I can't do the level of physical activity I want to do, but I know that's only temporary. I need to be kind to myself, take it easy, and listen to what my body is telling me. If my shoulder starts hurting again I'm going to go get it checked out. I hate setting up appointments with doctors or for anything really but I know it's important to take care of myself. I imagine a world where I'm not in pain and have the energy to do what I really want to do in life. I can get there but I need to give myself a helping hand.",yoga
33,Teachers- how do you usually plan a class? Or do you even plan your classes?,"I usually practice on my own and then write out the sequence that came up, unless a student makes a request. Depending on who comes I usually switch up the pace or sequence. I sped about an hour sometimes less when I plan and write out a class sequence. In teacher training we were taught to always have a peak pose and theme which I sometimes do but usually the theme arises when I‚Äôm in the moment, about to teach. Sometimes there isn‚Äôt even a distinct theme, and I think that‚Äôs okay. My students are happy and i have definitely found my groove when it comes to planning out and teaching a fun class, however I would love to hear about what other teachers do :-)",yoga
34,Need calf stretch recommendations,"My calves are EXTREMELY tight   Discomfort most of the day 

I am 6-8 inches away from touching my toes due to tight calves I can stretch them for 20 minutes and get my fingers to touch the floor but a hour or 2 after they tighten up again and back to square one. 
If anyone has recommendations for a good stretch or how I can help my daily discomfort I‚Äôd greatly appreciate it.  ",yoga
35,Yoga sequences,"Does anyone know where I can find yoga sequences with maybe some pictures to assist me, I struggle with yoga videos I would prefer to go at my own pace.",yoga
36,"Chose my first studio, going to go to my first class. I just have one question","Who makes good affordable men‚Äôs yoga üßòüèª‚Äç‚ôÇÔ∏è clothes? 

Also, What‚Äôs the best unisex/men‚Äôs footwear you would recommend for yoga? Maybe you can go barefoot but I prefer footwear anyway. I don‚Äôt know all the rules. ",yoga
37,Transition from Downward Facing Dog to Warrior 1,"I've been doing yoga for about 3 months now 3-4 times per week and one of the things I continue to struggle the most with is the transition in Sun Salutation B from Downward Facing Dog to Warrior 1. I can't seem to get my leg between my hands when I step forward and have to take a second to reposition myself causing me to fall behind the rest of the class. I must be doing something wrong, but I can't figure out what.

Do you all have any tips on how to make this transition more fluid? What can I work on that will make my step forward longer?",yoga
38,"New to yoga, lots of questions with no one to ask.","New to yoga. For reference. 6‚Äô2 male and very inflexible. I just have a bunch question because I recently started going to yoga once a week with one of my friends. Any answers are greatly appreciated 

1. Is going just once a week enough to see progress? I know I should try to go more, but i don‚Äôt really have much time unfortunately. I might find some online videos and try to do it another time a week on my own. 

2. Downward dog sucks. I have so much trouble. I‚Äôm just not flexible enough to do it right, so I‚Äôve been doing some research on different modifications. Is the best way to just bend the legs and lift heals off the ground and make sure to keep the spine and arms aligned? 

3. Another thing regarding that, they do this thing where they lift the heals and go from toes then heal back on ground when in downward dog. Even with my knees bent I can‚Äôt really get my heel to the ground, should I just kind of pretty pressure back into my heel as much as I can, then back into toes?

4. Another thing was we did fallen triangle (I think that‚Äôs what she called it), and my arm was shaking a lot along with a few other poses. Is this a balance or a strength thing, so I know which I need to work on focus on to make it smoother and more comfortable. How long do you think it‚Äôll take to be more... solid in this positions. 

5. Breathing. I always feel like I‚Äôm breathing wrong or out of synch with the movements she‚Äôs doing / the class. Is it okay if I do some transitions a little slower or faster?

Thank you in advance for any answers! ",yoga
39,[COMP] Supta Vajrasana,,yoga
40,Self practitioners of /r/Yoga (or teachers) what does your practice look like today?,"I have been using this sequence the past few days and have already seen some noticeable improvement with hamstring flexibility. I have a long way to go before hanumanasana but I'm excited for the journey.

 [here's the link for those interested](https://www.google.com/imgres?imgurl=http%3A%2F%2Fwww.jasonyoga.com%2Fwp-content%2Fuploads%2Fblog_hanuman_final-843x1024.jpg&amp;imgrefurl=http%3A%2F%2Fwww.jasonyoga.com%2F2014%2F10%2F01%2Fhanumanasana%2F&amp;docid=oc0Nm0D-C5DmOM&amp;tbnid=B2s7VK7G64V4fM%3A&amp;vet=1&amp;w=843&amp;h=1024&amp;bih=618&amp;biw=1169&amp;ved=0ahUKEwjA1-3bwYHdAhUmqlQKHU1lDkEQMwjiASgAMAA&amp;iact=c&amp;ictx=1)",yoga
41,What is it like to truly flow in your yoga sequence?,"What is it like to truly flow in yoga? When you have the breathing in sequence with the movement? What does it feel like? Is it calming? Exciting? Does time go by fast or slow? Are you in the moment? I want to be able to do this but it is challenging for me because I find that I keep thinking about the next pose. When you learn this, is it like learning how to do any kind of sport? Does it become a motor movement in that you just automatically go into the next pose without thinking? Do you have to study the sequence and memorize it first before you can flow? How do you teach yourself this?",yoga
42,[comp] backbend variations.. pointers welcome for increased back strength/flexibility :) selftaught yogi here,,yoga
43,Any beginner yoga poses for lower back pain?,"Hey r/yoga 

I am a novice when it comes to yoga..I have been doing it for roughly 8 weeks. Lately I have been having lower back pain, like in the small of my back. 

Are there any beginner-friendly yoga poses I could do to alleviate my pain?

Thanks in advance!",yoga
44,Do people in the back of the room have the right to throw a tantrum over mirror obstruction?,I saw this very handsome lad come in a couple minutes prior to the start of class. The room was fairly full and only one patch available and it was up front near the teacher's spot. This gentleman seemed mindful enough to stagger the mat as best he could with respect to those behind whilst not encroaching upon his neighbor. This woman in the back row got up and started spiking blocks left and right going on about poor yoga etiquette. Started huffing and puffing and loudly slapping her mat on the ground to show her agitation with the heinous act. Do people in the back have a divine right to the mirror if they got there first? I will say it does bother me when someone blocks my way but only when there is plenty of real estate. Even if someone blocks me I will very stealthily shift a few inches during the opening child's pose and would never consider saying anything.,yoga
45,Trying to get into yoga but I can't even do beginner stuff,"Hello. I'm a 23 years old male ( 188cm/86kg ^^6'2""/190lb ), and I haven't done exercise for most of my life. I have mild scoliosis and I've suffered from back pain for a long time already. Lately I've been trying to make an effort to improve my health. I've tried to minimize my sitting time and improve my posture, been running regularly for a month, and yesterday I started Yoga with Adriene's 30 Days of Yoga series.

I could barely do most of the stuff for the first day, but I sticked to the end. I figured even if I half-assed most of the posses, I was still doing something and I'd eventually be able to do them properly, but today I had to stop half-way the 2nd day video because I couldn't do anything at all and I was feeling like I was about to collapse. i.e I can't plant my feet when doing Downward Facing Dog, and when doing the Half Forward Bend I can't get my hands to the floor without bending my knees and I worry that I'm rounding my back too much.

[Then, I decided to do a quick reddit search, and it seems like the consensus between xxfitness is that her routines are too easy](https://np.reddit.com/r/xxfitness/comments/5ee7j0/does_anyone_do_the_yoga_with_adriene_videos/). Needless to say, I'm feeling really unmotivated.

My main objective is to fix my posture, gain more flexibility and learn how to not round my back and do simple things like squat properly. My end goal is to have a good foundation for doing compound lifts, as I've always been interested in powerlifting, but I'm not able to do the most basic stuff with weights so I figured I should improve my body awareness and flexibility without weights first.

I'm thinking that I might just have a mental block rather than physically not being able to do those poses correctly, but I've been sitting most of my life so I think I'm just way too stiff.

Any tips or help for a beginner that can't do beginner stuff?",yoga
46,Weight lifting to compliment yoga?,I‚Äôd like to lift weights solely to improve my yoga practice. Anyone have experience with some strength training specifically to help you improve in yoga?,yoga
47,[COMP] Scorpion after one year of practice.,,yoga
48,Is Yoga Alliance really just a corporate scam?,"I've been practicing yoga for decades, starting at ashrams in India. I have been to thousands of asana classes all over the world. Only in the last few years have I bumped into the yoga alliance phenomena - people who basically pay an American 'non-profit' a heap of money for a plaque to put on their wall.

Non of my early teachers are 'yoga alliance certified', they probably have never heard of it - and these people have been teaching yoga for many decades.

What on earth does an American corporation from Virginia have to do with yoga? How did yoga end up in the hands of a parasitic entity who leaches thousands of dollars from yoga teachers?

Boycott all yoga alliance affiliated studios. They are not what yoga is about.",yoga
49,Minimalist yoga app/podcast/youtube channels?,"I have tried a few of the yoga apps but they all have so much dialog, counting that I find it hard to clear my mind and relax. Are there any minimalist options out there that just say poses when you need to shift and don't offer extra ""encouragement."" TIA for any suggestions!",yoga
50,I finally went to a yoga class....,"and it was the best decision ever!

I have been into meditation for a few years and have always known about Yoga and heard how good it was for you both mentally and physically.

About 3 months ago I started doing some yoga at home via YouTube and found it somewhat enjoyable but (for me) it just wasn't what I was looking for.

2 weeks ago I went and signed up for a monthly membership at a local studio and since then have gone pretty much every day (11 times exactly) and have loved every part of it.

My point for making this post is that if you have been thinking about trying a yoga class but still haven't made it in...just go.  I'm a guy and was anxious about going the first time but once there I felt at home because everyone was so nice and welcoming.

I know classes may not be for everyone or maybe not in the budget right now but if you have been wondering and can fit it in the budget I think you'll really enjoy it if you just give it a try.

Alternatively if you like to keep your practice at home, keep doing you...no judgement here.
",yoga
51,Practice Times,"I haven't done yoga in a while and am looking to get back into it. I don't have time in the mornings anymore as my schedule has changed so my question is, can it be done any time of the day? Thanks a bunch! üòä ",yoga
52,Is naked yoga ethical?,Recently I read a story about the lady in Australia that‚Äôs doing a female only naked yoga group. I thought it was weird to do yoga naked with other people and that it must be about meeting lesbians for hookups because why else would you ban men? As a straight guy I wouldn‚Äôt want to do naked yoga with a bunch of men. I was curious as to what you all thought? ,yoga
53,Feeling pain in my ribs and feel stressful.,"Hy, I am doing yoga since 2 months without any teacher.I do plank,forward bend,spinal twist,boat,cobra and camel(same sequence). Since  yesterday,I feel pain in my ribs and my stress increases. I want to know is it ok or dangerous ?",yoga
54,"Forearm popped, no pain though","So I was turning around a corner. My left arm was holding onto a nice hold, carrying some portion of my mass and probably a bit of my moment too, when I felt a peculiar ‚Äòpop‚Äô through the middle of my forearm. I, of course, stopped bouldering immediately. 

That was about an hour or so ago. I still don‚Äôt feel any pain, or even soreness (it‚Äôs just as sore as my other forearm... trying to get back into climbing after being unable to in the summer), but I‚Äôm still concerned about my forearm.

I retain full (painless) mobility of my entire arm, including wrist, fingers, etc. At the moment it happened, I had been climbing for a bit more than an hour, and had warmed up appropriately.

Any ideas of what the pop could have been? Should I be concerned? I‚Äôm in college, and tuition is a thing, so I‚Äôd prefer to stay out of a clinic if I can. Still, I don‚Äôt want to risk an injury. I‚Äôm thinking about giving it 3 days or a week just to be sure everything‚Äôs fuckin‚Äô-a in the grabber. 

Cheers, kindly internet strangers. 

TLDR: bouldering, felt a pop in my forearm. No pain, but I dunno what it is, and if I should be worried. ",climbing
55,Attention Denver Climbers!!!!! I am one of the full time setters at ET Englewood and I‚Äôm psyched to announce our doors are opening tomorrow! Hope to see you all there. - Lieutenant Dan,,climbing
56,Does anyone know which mountain this is?,,climbing
57,Books on technique,"I took a 3-year break from climbing and recently started again. I need to regain a lot of strength of course, but I also grabbed my old friend the *Self-Coached Climber* to review what I remember about technique. The chapters about balance, body awareness, turning/flagging and movement were a nice refreshment.

&amp;#x200B;

I noticed the book is from 2004 and a quick Google search told me no new editions has been released since then. I wondered if by now there are any newer (better) books out there with new insights to help me improve technique. Because in the end, the *Self-Coached Climber* sometimes is a little outdated (promoting the *arqu√©* without warning and such).",climbing
58,Can anyone give me any information or opinions about Madrock?,"I've been looking for an aggressive slipper and I noticed their drone. But I never see anyone climb in madrock shoes, rep em or anything else for that matter. Are they just a smaller company and that's why? But if anyone climbs in their shoes would you tell me how you feel about the rubber/fit/quality? Thanks. ",climbing
59,Finger pain: when is it fine to keep climbing and when should it be considered like a warning?,"Coming from a few years of body building, I know that pain isn't necessarily something bad, and if it's a muscular pain due to lactic acid, it is usually safe to work on it. However, I believe fingers are completely different and I never know when a bit of pain is fine for climbing or if it could lead to a serious injury.

I started bouldering two years ago and I never had any particular pain, although recently (about 3 months ago), I started pushing myself with some more difficult problems like 6b+/6c. Since then, I started experiencing some pain in the ""flashy part"" of my fingers. It usually disappear completely after warming up, but it sometimes remain until the end of the training. When I'm not training, it also happens that a very specific movement of a finger, or a very localised area, feels particularly painful, like pinching my thumb and finger while holding my hand behind my back!

My question is, based on your experience, when should I start worrying, and what do you suggest doing when the pain a ""dangerous one""?

Thank you for your comments =) ",climbing
60,Collegiate Climbing?,"Hi friends! I just wanted to know if anyone was involved in a college-level climbing club or team. Sorry for the weird formatting, I‚Äôm on mobile.  

My school has a club but we‚Äôre not really a ‚Äúteam‚Äù, per se. What sort of things did you value in your experience as part of the club/team? Even if you weren‚Äôt a part of it, I still want to hear your ideas! 

I‚Äôm taking on a leadership role and I want to improve the climbing experience for everyone involved and interested. I want it to be fun but to also feel like a community of climbers. ",climbing
61,‚ÄúBreak on Through‚Äù with Margo Hayes is entirely available to free watching,,climbing
62,Wedding Gift: Top 3 greatest climbing area books?,"Hello friends of r/climbing!

tl:dr, I‚Äôm buying 4 or 5 climbing area books/guides as a wedding gift for some crusher friends (trad, adventure, sport). What are your top three climbing area books and why?
Edit: Feel free to list your top 3 climbing areas (with our without guide books) too!

My good friends are getting married in the next few weeks and I‚Äôm working hard to get them a cool wedding present. 
They both crush and love to travel (for adventure and for climbing).
One loves trad (we live in Utah so he‚Äôs very familiar with Indian creek and LCC). And adventure climbing, the other enjoys trad/adventure but really loves sport climbing as well.
They‚Äôre both interested in environmental conservation. One is fluent in Spanish and the other in Mandarin. 
With all of that in mind I‚Äôm thinking about buying them 4 or 5 climbing area books of places they love or would someday travel to. What are your top 3 favorite climbing area books and why? What are your top 3 climbing areas and why?

Beautiful books get bonus points as well! I‚Äôm a huge fan of the new Yangshuo climbing guide!

Edit: In response to everyone who is suggesting local guidebooks: In the past I've gone halfsies with the groom on 2 or 3 guidebooks so I know he's got a stack of (half-owned) books at his place for all the Utah places he likes (Joes, Moab, The creek, SLC area, Ibex, and Maple). Just this year alone they've been to 2 or 3 (somewhere in BC, Mexico, and Croatia)  international climbing locations, and 5 or 6 other states for climbing alone. They're in to traveling and have each been to 30+ countries.",climbing
63,Took some big whips this summer,,climbing
64,Is anyone selling any tickets for Free Solo at the Nat Geo museum October 2nd?,"I know its probably a long shot, but I have some friends who weren't able to get tickets and figured I'd reach out here. Thanks!",climbing
65,Too old for The Nose?,"Hi all, I started climbing a bit late to the game a few years ago which has been interrupted by injury and life a number of times but the passion never went and now that I'm back climbing again I'm starting to think about climbing the Nose of El Cap at some point. I'm 40 tho, sport climbing 6b - 6c at the moment.. . For anyone who has experience of climbing El Cap, do I have enough good years left in me to get to the stage where I can climb the Nose? I need to learn trad and big wall and up my grade.. Should I stop daydreaming or is it actually do-able? ",climbing
66,"Being a Top Rope Tough Guy at Pilot Mt, NC",,climbing
67,I can comfortably climb most 5.10a and some 5.10b at my gym but I went outside for the first time this weekend and struggled up a 5.5. Is that normal?,Also holy shit real rock is SO MUCH MORE FUN. I love gym climbing but I legitimately can't stop thinking about the day I spent outdoor climbing,climbing
68,Best book/s for mental improvement in climbing?,"I'm looking to improve my mental game for climbing. There's a heap of options of books such as The Rock Warriors Way, Mastermind, Vertical mind etc. If you had to choose one, which is the most comprehensive and worth getting? What are the strengths/weaknesses of each?",climbing
69,Getting up Aconcagua - tallest mountain in west and Southern Hemispheres - after a traumatic injury and Raynauds?,"Hi I wanted to ask what are the best tool to protect my fingers and toes in the cold? I had a traumatic injury that severed my nerve in 2014 and was told I‚Äôd never walk again. I am okay now except my right foot get almost no vasodilator response to the cold in order to warm my right toes. This means those toes are highly susceptible to frost bite, on top of having Raynauds. I will be many days at high altitude -20 C. So far I plan to get battery powered heated socks, and tons and tons of hand/foot warmers. What else are the best materials I can wear? ",climbing
70,Ceuse climbing partner Oct6-14?,"any suggestions finding international climbing partners for Ceuse? Also any beta if the season is right or is OCT to much of a gamble to go for that area? are the locals friendly to international travelers
",climbing
71,"High plains thrashing on Ruby Shooter at Wild Iris, WYO",,climbing
72,5 Reasons To Go To Crazy Horse Instead of Tonsai. I think Tonsai's glory days have come and gone. Nearby destinations like Crazy Horse or Thakhek have been exploding in popularity... here are a few reasons why.,,climbing
73,Shoulder Dislocation Bouldering," 

Hi guys,

In 2015  I dislocated my shoulder whilst falling awkwardly out of a handstand, the shoulder fell back in without too much effort although¬†later that day I¬†re-dislocated it which took a larger amount of effort to relocate. After the accident I was advised by an orthopaedic surgeon to work on strengthening the ligaments and muscles around the shoulder, and surgery might be avoidable. Over the past three years at times it has left unstable, but I have slowly worked on physical therapy till now where it has been feeling almost pain free and feeling stable . Since starting bouldering I‚Äôve worked even more on strengthening my shoulders, understanding the stress they are under due to the sport. This in mind, while on a wall last Sunday I‚Äôve had my left arm extended at 60 degrees and crimped down hard next thing I know I‚Äôm lying on the mat with my shoulder dislocated. I was able to manipulate my body against the mat as I could feel it would go back in. My question; is there any possibility of recovering from this without a shoulder stabilisation surgery and continue climbing? Does anyone have experience or understanding of this procedure are there any risks involved¬†such as loss of mobility or re-occurring problems?  Would surgery with physio along with stretch therapy result in the best outcome? Or should it be avoided?

I‚Äôve had my MRI I‚Äôm waiting for the report and will be seeing an orthopaedic surgeon in the next couple days. Would really appreciate opinion on if a conservative treatment could work. 

Thanks for your time, 

Sorry i'm not sure where the most appropriate place would be to make this post.

&amp;#x200B;",climbing
74,Southern 5.9s,,climbing
75,Took a photo of my friend rappelling under the Milky Way,,climbing
76,Too old for this?,"I learned the basics of climbing when I was 17, in a high school gym class oriented towards the outdoors. Challenge Gym, it was called. We learned to climb, rappel, tie knots, make our own webbing harnesses, one-handed bowlines, and how to belay. I worked for a local outfitter for years, but it was a commercial operation , and I did not meet many people willing to share climbing with me. It was some special club I couldn‚Äôt join.


I haven‚Äôt done any of this in many years. I‚Äôm 42 now, I‚Äôve had my kids and they‚Äôre old enough to climb and mountain bike.

In general I‚Äôve felt like the outdoors community, despite its Welcome Everyone! Vibe, is anything but. I wasn‚Äôt born to climbing so I‚Äôm not welcome. 

And now, I‚Äôm too old, or so I‚Äôm told. I can Gym climb for fun, but I‚Äôll never get on a real rock. Yes, a gym climber told me this. I should just view this as a workout.

Sp, how do I progress? I‚Äôve been momming for over 11 years. Is my life of adventure over because I‚Äôm too old, missed my window?
",climbing
77,Another pic of Third Pillar of Dana from our ascent this month.,,climbing
78,"Claim Jumper 5.10a, Holcomb Valley Pinnacles, Big Bear Lake, CA",,climbing
79,Care about Indian Creek? Public comment period for Bears Ears management plan open now through 15 Nov,"This includes management of desert splitter paradise, [Indian Creek](https://www.mountainproject.com/area/105716763/indian-creek).  BLM docs and comment process are [here](https://eplanning.blm.gov/epl-front-office/eplanning/planAndProjectSite.do?methodName=dispatchToPatternPage&amp;currentPageId=140965).

There's also one for Escalante [here](https://eplanning.blm.gov/epl-front-office/eplanning/planAndProjectSite.do?methodName=dispatchToPatternPage&amp;currentPageId=141293).",climbing
80,"Friday New Climber Thread for August 24, 2018: Ask your questions in this thread please","Please sort comments by 'new' to find questions that would otherwise be buried.

In this thread you can ask any climbing related question that you may have. Dont be discouraged to ask here on the weekend just because it's called ""friday"" new climber thread. This thread usually sees traffic until at least monday, there's a good chance your question will be answered.

Two examples of potential questions could be; ""How do I get stronger?"", or ""How to select my first harness?""

If you see a new climber related question posted in another subeddit or in this subreddit, then please politely link them to this thread.

**New** [Check out this curated list of climbing tutorials!](https://www.reddit.com/r/climbing/comments/6iuccx/rclimbing_lets_curate_a_list_of_climbing_tutorials/)

Ask away!
",climbing
81,Met this guy at my local climbing gym,,climbing
82,Attention Denver Climbers!!!!! I am one of the full time setters at ET Englewood and I‚Äôm psyched to announce our doors are opening tomorrow! Hope to see you all there. - Lieutenant Dan,,climbing
83,Belaying my friend up my favourite climb Holey Shit (5.9),,climbing
84,"Tiny person advantages. Awesome rest on ""Little Stiffy"" at New Jack City.",,climbing
85,"Ryan Ice Climbing - 11"" x 14"" watercolor and pen",,climbing
86,What are some interesting/weird routes that I might not know about?,"We see tons of posts about [Namaste](https://www.mountainproject.com/route/105717892/namaste) and [Edge of Time](https://www.mountainproject.com/route/105756826/edge-of-time), but what are some other interesting routes that aren't as popular?",climbing
87,The one workout every climber should do,,climbing
88,"When u get rekt by the REI sale, $200 well spent",,climbing
89,"Forearm popped, no pain though","So I was turning around a corner. My left arm was holding onto a nice hold, carrying some portion of my mass and probably a bit of my moment too, when I felt a peculiar ‚Äòpop‚Äô through the middle of my forearm. I, of course, stopped bouldering immediately. 

That was about an hour or so ago. I still don‚Äôt feel any pain, or even soreness (it‚Äôs just as sore as my other forearm... trying to get back into climbing after being unable to in the summer), but I‚Äôm still concerned about my forearm.

I retain full (painless) mobility of my entire arm, including wrist, fingers, etc. At the moment it happened, I had been climbing for a bit more than an hour, and had warmed up appropriately.

Any ideas of what the pop could have been? Should I be concerned? I‚Äôm in college, and tuition is a thing, so I‚Äôd prefer to stay out of a clinic if I can. Still, I don‚Äôt want to risk an injury. I‚Äôm thinking about giving it 3 days or a week just to be sure everything‚Äôs fuckin‚Äô-a in the grabber. 

Cheers, kindly internet strangers. 

TLDR: bouldering, felt a pop in my forearm. No pain, but I dunno what it is, and if I should be worried. ",climbing
90,Been getting into climbing again and bought my first set of decent shoes! Figured this was the place to share my excitement.,,climbing
91,"Moving to Chicago, need suggestions for good bouldering and toprope gyms!",&amp;#x200B;,climbing
92,A team of scientists scale Mount Lico to study untouched rainforest,,climbing
93,BD Athlete Adam Ondra: The Road to Tokyo,,climbing
94,Where to find good climbing films,"What are some other sites, apps or channels on YouTube that have full length or short film climbing/mountaineering films? I‚Äôve seen just about everything on red bull tv and some on YouTube but there‚Äôs got to be more gems out there. Ex: Meru and such. Also I‚Äôm a Far East flatlander and can never attend film festivals so do they ever post them for purchase anywhere? ",climbing
95,"Summit of the Matterhorn, from a few weeks back, what an incredible mountain. (Long time lurker, first time poster)",,climbing
96,Went bouldering outside for the first time tonight! The reward for topping out was a view of the milky way across the central California coast,,climbing
97,I'm looking for a Wooden Hangboard any suggestions?,&amp;#x200B;,climbing
98,Does a pulley tear feel different than a strain?,"I've had a few pulley injuries but nothing crazy, the worst recovered in about 2-3 months. Does a tear feel different than a strain or can you only tell by how long it takes to heal?",climbing
99,Anyone want to go climbing in Brussels?,I''m here for work for the next couple of weeks. I've been climbing at Terres Neuves and New Rock so far. Probably going to keep going back to New Rock. I'd be great to have a climbing partner!,climbing
100,Ondra Canmore video update from Black Diamond! (video link: https://www.youtube.com/watch?v=LwTtPWxTRyI),,climbing
101,Lost jacket Middle Teton,"Found a black rain jacket in Garnet Cannon today. Let me know if it's yours, or you know who lost it.",climbing
102,"First artwork in my new apartment! Training plans from the past year, photos of where I‚Äôve been, and a couple lists of where I hope to go next!",,climbing
103,Some seriously classic climbing videos (form '50s and '60s). Pure gold.,,climbing
104,How bad of an idea would climbing a dynamited wall on the side of a highway be ?,"I have been passing in front of a few of these ""highway walls"" and was wondering if climbing a dynamited face would be any more dangerous than natural one.  Also, how illegal is it?

[https://imgur.com/spEUfbF](https://imgur.com/spEUfbF)",climbing
105,You're Never Too Old: 59 Year Old Guy Ice Climbing.,,climbing
